Number of processes,Process time taken (s)
1,0.0003340000000000565
2,0.00017499999999992522
3,0.00015500000000001624
4,0.00014500000000006175
