Number of processes,Process time taken (s)
1,0.0002849999999999797
2,0.00016700000000002824
3,0.00013199999999990997
4,9.899999999996023e-05
