Number of threads,Process time taken (s)
1,0.0003889999999999727
2,0.00013799999999997148
3,9.599999999998499e-05
4,0.00013099999999999223
